date_utc,equity_base,equity_x2
2023-11-08,100000.0000,100000.0000
2023-11-09,100000.0000,100000.0000
2023-11-10,100000.0000,100000.0000
2023-11-11,100000.0000,100000.0000
2023-11-12,100000.0000,100000.0000
2023-11-13,99041.6379,98894.7327
2023-11-14,97815.3727,97672.1408
2023-11-15,100918.2377,100765.7111
2023-11-16,98638.9262,98493.2274
2023-11-17,99244.7153,99097.2018
2023-11-18,99183.0887,99035.7597
2023-11-19,100247.9841,100097.4652
2023-11-20,100367.5790,100216.7019
2023-11-21,98071.5361,97927.5369
2023-11-22,100313.1883,100162.4742
2023-11-23,100159.7808,100009.5261
2023-11-24,100723.7143,100571.7704
2023-11-25,100813.9620,100661.7477
2023-11-26,100365.7633,100214.8917
2023-11-27,100090.4071,99940.3603
2023-11-28,100865.3399,100712.9718
2023-11-29,100913.4496,100760.9373
2023-11-30,100737.6886,100585.7028
2023-12-01,102026.9254,101871.0777
2023-12-02,103059.6356,102900.6944
2023-12-03,103761.5902,103600.5463
2023-12-04,106476.8745,106307.6969
2023-12-05,109277.4031,109099.8365
2023-12-06,108859.6143,108683.2992
2023-12-07,108201.1830,108026.8402
2023-12-08,109408.7666,109230.8064
2023-12-09,108793.5896,108617.4722
2023-12-10,108895.6865,108719.2633
2023-12-11,105484.6883,105318.4828
2023-12-12,105806.1233,105638.9549
2023-12-13,107657.6662,107484.9515
2023-12-14,107863.7563,107690.4243
2023-12-15,106408.5499,106239.5769
2023-12-16,106862.7875,106692.4538
2023-12-17,105647.7662,105481.0722
2023-12-18,107373.5677,107201.7040
2023-12-19,106860.0437,106689.7183
2023-12-20,108733.5097,108557.5723
2023-12-21,108992.9145,108816.2001
2023-12-22,109137.1494,108960.0029
2023-12-23,108778.2031,108602.1318
2023-12-24,107822.3850,107649.1769
2023-12-25,108608.6962,108433.1327
2023-12-26,107173.3416,107002.0777
2023-12-27,108410.6087,108235.6385
2023-12-28,107247.0864,107075.6016
2023-12-29,106578.8907,106409.4074
2023-12-30,106677.5175,106507.7388
2023-12-31,106870.2521,106699.8961
2024-01-01,109420.2796,109242.2849
2024-01-02,110452.3576,110271.2714
2024-01-03,107625.6559,107453.0370
2024-01-04,109382.0151,109204.1351
2024-01-05,109373.9587,109196.1028
2024-01-06,109136.1810,108959.0374
2024-01-07,109083.3236,108906.3383
2024-01-08,113147.8574,112958.6967
2024-01-09,112016.6817,111830.9095
2024-01-10,112748.3333,112560.3694
2024-01-11,112324.8956,112138.2001
2024-01-12,107541.5951,107369.2281
2024-01-13,107629.3680,107456.7380
2024-01-14,106128.8629,105960.7277
2024-01-15,106802.3742,106472.4539
2024-01-16,108420.2162,108082.8943
2024-01-17,107196.2445,106864.5223
2024-01-18,105925.8470,105599.9369
2024-01-19,106379.1936,106051.2094
2024-01-20,105951.5202,105625.4927
2024-01-21,105631.4605,105306.8972
2024-01-22,102575.2752,102264.6940
2024-01-23,101043.4385,100739.8656
2024-01-24,100881.2692,100578.4382
2024-01-25,100530.8295,100229.6018
2024-01-26,101580.0092,101273.9815
2024-01-27,101585.5718,101279.5186
2024-01-28,101349.3780,101044.4053
2024-01-29,102648.0160,102337.1021
2024-01-30,103191.6469,102878.2458
2024-01-31,101910.7661,101603.2252
2024-02-01,102363.0431,102053.4329
2024-02-02,102465.3081,102155.2301
2024-02-03,102196.3809,101887.5333
2024-02-04,102053.0387,101744.8468
2024-02-05,102050.5162,101589.9501
2024-02-06,102516.7471,102053.3806
2024-02-07,104010.8961,103538.5552
2024-02-08,105132.7772,104653.6979
2024-02-09,107335.9436,106843.6312
2024-02-10,108074.6493,107577.8999
2024-02-11,108730.4190,108229.7308
2024-02-12,110662.5801,110150.2866
2024-02-13,110402.5183,109891.7868
2024-02-14,112906.1034,112380.3344
2024-02-15,113007.4496,112481.0719
2024-02-16,113299.0874,112770.9579
2024-02-17,112723.8761,112199.2016
2024-02-18,113315.2875,112787.0607
2024-02-19,114392.5157,113687.1276
2024-02-20,115765.1108,115049.2318
2024-02-21,114845.4074,114136.5578
2024-02-22,114914.0273,114204.6533
2024-02-23,113950.2111,113248.2036
2024-02-24,115330.0603,114617.5064
2024-02-25,117682.1561,116951.6249
2024-02-26,118924.1773,118184.1531
2024-02-27,120226.3879,119476.4108
2024-02-28,122985.6941,122214.6273
2024-02-29,122142.4529,121377.8311
2024-03-01,123972.4490,123193.8403
2024-03-02,123736.5924,122959.7864
2024-03-03,125038.6070,124251.8495
2024-03-04,127782.4247,126974.6959
2024-03-05,126329.4463,125532.8228
2024-03-06,131523.7805,130687.4561
2024-03-07,132507.3985,131663.5561
2024-03-08,132793.6417,131947.6115
2024-03-09,133222.0263,132372.7219
2024-03-10,132697.7698,131852.4724
2024-03-11,136350.8999,135477.6812
2024-03-12,134687.5523,133827.0468
2024-03-13,135174.3619,134310.1356
2024-03-14,132761.0962,131915.3148
2024-03-15,130025.9050,129201.0290
2024-03-16,125730.2961,124938.2520
2024-03-17,128114.7413,127304.4726
2024-03-18,125678.7331,124887.0831
2024-03-19,118584.9986,117847.5669
2024-03-20,125601.6827,124810.6216
2024-03-21,125137.4197,124349.9070
2024-03-22,122069.1276,121305.0663
2024-03-23,121935.4168,121172.3773
2024-03-24,124394.9518,123613.1139
2024-03-25,126672.3314,125684.2580
2024-03-26,126771.9683,125782.9721
2024-03-27,126294.0266,125309.4571
2024-03-28,127503.2603,126507.4910
2024-03-29,126645.1409,125657.3194
2024-03-30,126397.5387,125412.0104
2024-03-31,127964.0407,126964.0038
2024-04-01,126459.9283,125473.8221
2024-04-02,122597.8927,121647.5560
2024-04-03,123058.5624,122103.9591
2024-04-04,125387.8003,124411.6240
2024-04-05,124772.2362,123801.7612
2024-04-06,125764.4350,124784.7704
2024-04-07,126192.9043,125209.2712
2024-04-08,130382.2193,129165.9472
2024-04-09,126954.3804,125775.0152
2024-04-10,127669.1965,126482.1350
2024-04-11,126883.9005,125705.2941
2024-04-12,122056.1148,120929.4885
2024-04-13,117859.7348,116778.2903
2024-04-14,120556.9133,119446.4287
2024-04-15,118324.4687,117062.2714
2024-04-16,118666.2282,117399.8685
2024-04-17,116363.4065,115125.0934
2024-04-18,118370.3143,117107.5586
2024-04-19,118688.7619,117422.1279
2024-04-20,119716.2186,118437.0709
2024-04-21,119716.7312,118437.5772
2024-04-22,121435.7519,120135.6617
2024-04-23,121064.7772,119769.2052
2024-04-24,119120.3820,117848.4911
2024-04-25,119311.4433,118037.2254
2024-04-26,118644.8293,117378.7303
2024-04-27,118362.9006,117100.2353
2024-04-28,118048.6357,116789.7979
2024-04-29,118732.6854,117465.5164
2024-04-30,115809.3333,114577.7684
2024-05-01,113697.7926,112491.9446
2024-05-02,114334.4866,113120.8842
2024-05-03,117832.0752,116575.8749
2024-05-04,118756.5189,117489.0596
2024-05-05,118866.3139,117597.5174
2024-05-06,118091.2595,116831.9026
2024-05-07,117310.4389,116060.5918
2024-05-08,116286.2131,115048.8402
2024-05-09,118007.8058,116749.4652
2024-05-10,115926.4779,114693.4863
2024-05-11,115950.2748,114716.9933
2024-05-12,116552.5183,115311.9020
2024-05-13,117885.2245,116628.3769
2024-05-14,116638.0954,115396.4369
2024-05-15,120874.8600,119581.6010
2024-05-16,119985.8736,118703.4417
2024-05-17,121623.0881,120320.7162
2024-05-18,121523.5074,120222.3483
2024-05-19,120936.6495,119642.6379
2024-05-20,125670.9514,124319.2798
2024-05-21,124482.6829,123145.4834
2024-05-22,123584.1503,122257.8942
2024-05-23,122488.6072,121175.6939
2024-05-24,123019.7713,121700.3889
2024-05-25,123697.5972,122369.9595
2024-05-26,122981.0373,121662.1267
2024-05-27,123831.0976,122501.8339
2024-05-28,122881.0173,121563.3248
2024-05-29,122198.2581,120888.8811
2024-05-30,122838.7138,121521.5366
2024-05-31,122095.3733,120787.2493
2024-06-01,122302.9917,120992.3391
2024-06-02,122301.8751,120991.2361
2024-06-03,121895.2069,120408.9152
2024-06-04,122591.3281,121095.5136
2024-06-05,123490.4645,121982.3499
2024-06-06,122643.4122,121146.8852
2024-06-07,120464.2642,118997.5476
2024-06-08,120516.6708,119049.2374
2024-06-09,120917.0574,119444.1467
2024-06-10,120917.0574,119444.1467
2024-06-11,120917.0574,119444.1467
2024-06-12,120917.0574,119444.1467
2024-06-13,120917.0574,119444.1467
2024-06-14,120917.0574,119444.1467
2024-06-15,120917.0574,119444.1467
2024-06-16,120917.0574,119444.1467
2024-06-17,118857.4989,117236.8716
2024-06-18,118391.1666,116777.5997
2024-06-19,119673.2478,118040.2699
2024-06-20,118884.4411,117263.4059
2024-06-21,118974.5809,117352.1810
2024-06-22,118596.2264,116979.5549
2024-06-23,117351.5650,115753.7378
2024-06-24,117351.5650,115753.7378
2024-06-25,117351.5650,115753.7378
2024-06-26,117351.5650,115753.7378
2024-06-27,117351.5650,115753.7378
2024-06-28,117351.5650,115753.7378
2024-06-29,117351.5650,115753.7378
2024-06-30,117351.5650,115753.7378
2024-07-01,117351.5650,115753.7378
2024-07-02,117351.5650,115753.7378
2024-07-03,117351.5650,115753.7378
2024-07-04,117351.5650,115753.7378
2024-07-05,117351.5650,115753.7378
2024-07-06,117351.5650,115753.7378
2024-07-07,117351.5650,115753.7378
2024-07-08,117351.5650,115753.7378
2024-07-09,117351.5650,115753.7378
2024-07-10,117351.5650,115753.7378
2024-07-11,117351.5650,115753.7378
2024-07-12,117351.5650,115753.7378
2024-07-13,117351.5650,115753.7378
2024-07-14,117351.5650,115753.7378
2024-07-15,121469.5777,119630.1418
2024-07-16,120761.8521,118934.1435
2024-07-17,119732.8918,117922.2336
2024-07-18,120444.0425,118621.6002
2024-07-19,121832.6341,119987.1822
2024-07-20,122084.4662,120234.8413
2024-07-21,122416.5167,120561.3897
2024-07-22,120680.1914,118853.8361
2024-07-23,121453.7142,119614.5413
2024-07-24,118809.2071,117013.8548
2024-07-25,115918.9969,114171.5368
2024-07-26,117705.9771,115928.9059
2024-07-27,117244.4953,115475.0710
2024-07-28,117625.7586,115850.0166
2024-07-29,116190.7824,114267.4217
2024-07-30,115678.1377,113764.0285
2024-07-31,114337.8675,112447.9460
2024-08-01,114961.6258,113060.4474
2024-08-02,111649.0191,109807.6229
2024-08-03,110961.4090,109132.4219
2024-08-04,108781.7602,106992.1089
2024-08-05,108781.7602,106992.1089
2024-08-06,108781.7602,106992.1089
2024-08-07,108781.7602,106992.1089
2024-08-08,108781.7602,106992.1089
2024-08-09,108781.7602,106992.1089
2024-08-10,108781.7602,106992.1089
2024-08-11,108781.7602,106992.1089
2024-08-12,108781.7602,106992.1089
2024-08-13,108781.7602,106992.1089
2024-08-14,108781.7602,106992.1089
2024-08-15,108781.7602,106992.1089
2024-08-16,108781.7602,106992.1089
2024-08-17,108781.7602,106992.1089
2024-08-18,108781.7602,106992.1089
2024-08-19,108781.7602,106992.1089
2024-08-20,108781.7602,106992.1089
2024-08-21,108781.7602,106992.1089
2024-08-22,108781.7602,106992.1089
2024-08-23,108781.7602,106992.1089
2024-08-24,108781.7602,106992.1089
2024-08-25,108781.7602,106992.1089
2024-08-26,108781.7602,106992.1089
2024-08-27,108781.7602,106992.1089
2024-08-28,108781.7602,106992.1089
2024-08-29,108781.7602,106992.1089
2024-08-30,108781.7602,106992.1089
2024-08-31,108781.7602,106992.1089
2024-09-01,108781.7602,106992.1089
2024-09-02,108781.7602,106992.1089
2024-09-03,108781.7602,106992.1089
2024-09-04,108781.7602,106992.1089
2024-09-05,108781.7602,106992.1089
2024-09-06,108781.7602,106992.1089
2024-09-07,108781.7602,106992.1089
2024-09-08,108781.7602,106992.1089
2024-09-09,108781.7602,106992.1089
2024-09-10,108781.7602,106992.1089
2024-09-11,108781.7602,106992.1089
2024-09-12,108781.7602,106992.1089
2024-09-13,108781.7602,106992.1089
2024-09-14,108781.7602,106992.1089
2024-09-15,108781.7602,106992.1089
2024-09-16,108781.7602,106992.1089
2024-09-17,108781.7602,106992.1089
2024-09-18,108781.7602,106992.1089
2024-09-19,108781.7602,106992.1089
2024-09-20,108781.7602,106992.1089
2024-09-21,108781.7602,106992.1089
2024-09-22,108781.7602,106992.1089
2024-09-23,108781.7602,106992.1089
2024-09-24,108781.7602,106992.1089
2024-09-25,108781.7602,106992.1089
2024-09-26,108781.7602,106992.1089
2024-09-27,108781.7602,106992.1089
2024-09-28,108781.7602,106992.1089
2024-09-29,108781.7602,106992.1089
2024-09-30,106738.7615,104828.4918
2024-10-01,104654.1818,102784.3487
2024-10-02,104524.8157,102657.4921
2024-10-03,104610.3130,102741.3310
2024-10-04,105712.4378,103822.0767
2024-10-05,105689.2925,103799.3803
2024-10-06,106319.1029,104416.9737
2024-10-07,106319.1029,104416.9737
2024-10-08,106319.1029,104416.9737
2024-10-09,106319.1029,104416.9737
2024-10-10,106319.1029,104416.9737
2024-10-11,106319.1029,104416.9737
2024-10-12,106319.1029,104416.9737
2024-10-13,106319.1029,104416.9737
2024-10-14,106319.1029,104416.9737
2024-10-15,106319.1029,104416.9737
2024-10-16,106319.1029,104416.9737
2024-10-17,106319.1029,104416.9737
2024-10-18,106319.1029,104416.9737
2024-10-19,106319.1029,104416.9737
2024-10-20,106319.1029,104416.9737
2024-10-21,104889.6080,102860.8674
2024-10-22,104926.8446,102897.3283
2024-10-23,104345.3781,102327.9753
2024-10-24,105519.7738,103477.9052
2024-10-25,104368.1653,102350.2878
2024-10-26,104670.9947,102646.8084
2024-10-27,105384.2019,103345.1576
2024-10-28,106874.0567,104803.9748
2024-10-29,109003.9968,106889.5425
2024-10-30,108703.2788,106595.0892
2024-10-31,107127.2655,105051.9085
2024-11-01,106516.1249,104453.4996
2024-11-02,106423.0181,104362.3325
2024-11-03,105963.3190,103912.2102
2024-11-04,105252.3844,103216.0862
2024-11-05,106420.9221,104360.2801
2024-11-06,111181.0470,109021.2389
2024-11-07,111400.5509,109236.1699
2024-11-08,111901.0489,109726.2412
2024-11-09,112029.7877,109852.2980
2024-11-10,114864.7967,112628.2462
2024-11-11,121220.3363,118851.3829
2024-11-12,120685.9876,118328.1660
2024-11-13,122546.4270,120149.8475
2024-11-14,120205.0445,117857.2423
2024-11-15,123050.7485,120643.6626
2024-11-16,122708.9781,120309.0122
2024-11-17,122147.7959,119759.5210
2024-11-18,122614.6659,120216.6648
2024-11-19,124032.5044,121604.9659
2024-11-20,125549.4306,123090.2904
2024-11-21,128643.9517,126120.3444
2024-11-22,129085.3242,126552.5219
2024-11-23,128148.9585,125635.6632
2024-11-24,128323.7324,125806.7961
2024-11-25,124569.3407,122130.6185
2024-11-26,123767.1419,121345.1316
2024-11-27,126759.8498,124275.4934
2024-11-28,126591.6095,124110.7580
2024-11-29,127985.8853,125475.9873
2024-11-30,127178.1893,124685.1178
2024-12-01,127774.8883,125269.3859
2024-12-02,126742.5827,124258.5861
2024-12-03,126749.5464,124265.4046
2024-12-04,128851.4017,126323.4726
2024-12-05,127590.9703,125089.2994
2024-12-06,129737.0334,127190.6543
2024-12-07,129807.0152,127259.1781
2024-12-08,130787.9112,128219.6394
2024-12-09,127844.9775,125338.0150
2024-12-10,127320.2334,124824.2027
2024-12-11,130799.7424,128231.2242
2024-12-12,129939.3010,127388.7081
2024-12-13,131029.4960,128456.1914
2024-12-14,131026.2330,128452.9963
2024-12-15,133363.3006,130741.3766
2024-12-16,134587.6317,131940.2016
2024-12-17,134645.2755,131996.6445
2024-12-18,130092.6389,127538.8516
2024-12-19,127987.3134,125477.3856
2024-12-20,128251.1019,125735.6787
2024-12-21,127856.8932,125349.6824
2024-12-22,126240.1960,123766.6654
2024-12-23,126006.1814,123537.5259
2024-12-24,128909.9514,126380.8026
2024-12-25,129498.0744,126956.6734
2024-12-26,126704.9469,124221.7343
2024-12-27,125559.0046,123099.6650
2024-12-28,126327.5139,123852.1642
2024-12-29,125128.4192,122678.0499
2024-12-30,124401.9987,121966.7627
2024-12-31,125003.8878,122556.1128
2025-01-01,125783.7753,123319.7532
2025-01-02,127621.0359,125118.7387
2025-01-03,128534.2074,126012.8864
2025-01-04,128569.7703,126047.7084
2025-01-05,128679.6450,126155.2942
2025-01-06,131652.4217,129066.1399
2025-01-07,127597.8648,125096.0503
2025-01-08,126143.7187,123672.1980
2025-01-09,124218.0731,121786.6687
2025-01-10,125886.9015,123420.7309
2025-01-11,125790.0710,123325.9177
2025-01-12,125747.8977,123284.6230
2025-01-13,125741.0185,123277.8871
2025-01-14,127295.5575,124800.0409
2025-01-15,130317.8550,127759.3758
2025-01-16,129926.2567,127375.9355
2025-01-17,133066.5519,130450.8100
2025-01-18,133434.1192,130810.7199
2025-01-19,130958.3395,128386.5173
2025-01-20,131671.1629,129084.4906
2025-01-21,134653.0145,132004.2223
2025-01-22,132781.8495,130172.0386
2025-01-23,132938.2278,130325.1592
2025-01-24,133675.4046,131046.9786
2025-01-25,133580.4705,130954.0222
2025-01-26,131947.5504,129355.1203
2025-01-27,131535.1304,128951.2920
2025-01-28,130961.3722,128389.4868
2025-01-29,132802.2567,130192.0207
2025-01-30,133562.1132,130936.0474
2025-01-31,131801.3374,129211.9532
2025-02-01,130424.0368,127863.3456
2025-02-02,128170.6018,125656.8556
2025-02-03,130955.9979,128384.2244
2025-02-04,128218.6178,125703.8713
2025-02-05,127335.1511,124838.8096
2025-02-06,127290.5593,124795.1468
2025-02-07,127254.0521,124759.4002
2025-02-08,127206.4047,124712.7453
2025-02-09,127220.2321,124726.2847
2025-02-10,127963.4819,125454.0506
2025-02-11,126694.6589,124211.6606
2025-02-12,128300.6611,125784.2055
2025-02-13,127331.8574,124835.5845
2025-02-14,128016.9644,125506.4189
2025-02-15,128070.0784,125558.4264
2025-02-16,126955.6374,124467.2022
2025-02-17,126696.0409,124213.0138
2025-02-18,126612.9227,124131.6271
2025-02-19,127359.6735,124862.8212
2025-02-20,128634.6464,126111.2329
2025-02-21,127004.6669,124515.2102
2025-02-22,127287.9950,124792.6359
2025-02-23,127063.0323,124572.3598
2025-02-24,123450.6079,121035.1919
2025-02-25,121245.2196,118875.7477
2025-02-26,117843.7846,115545.1738
2025-02-27,118195.7970,115889.8528
2025-02-28,117920.4459,115620.2380
2025-03-01,119236.8473,116909.2153
2025-03-02,125536.7164,123077.8411
2025-03-03,125536.7087,123077.8336
2025-03-04,125536.7087,123077.8336
2025-03-05,125536.7087,123077.8336
2025-03-06,125536.7087,123077.8336
2025-03-07,125536.7087,123077.8336
2025-03-08,125536.7087,123077.8336
2025-03-09,125536.7087,123077.8336
2025-03-10,125536.7087,123077.8336
2025-03-11,125536.7087,123077.8336
2025-03-12,125536.7087,123077.8336
2025-03-13,125536.7087,123077.8336
2025-03-14,125536.7087,123077.8336
2025-03-15,125536.7087,123077.8336
2025-03-16,125536.7087,123077.8336
2025-03-17,125536.7087,123077.8336
2025-03-18,125536.7087,123077.8336
2025-03-19,125536.7087,123077.8336
2025-03-20,125536.7087,123077.8336
2025-03-21,125536.7087,123077.8336
2025-03-22,125536.7087,123077.8336
2025-03-23,125536.7087,123077.8336
2025-03-24,125536.7087,123077.8336
2025-03-25,125536.7087,123077.8336
2025-03-26,125536.7087,123077.8336
2025-03-27,125536.7087,123077.8336
2025-03-28,125536.7087,123077.8336
2025-03-29,125536.7087,123077.8336
2025-03-30,125536.7087,123077.8336
2025-03-31,125536.7087,123077.8336
2025-04-01,125536.7087,123077.8336
2025-04-02,125536.7087,123077.8336
2025-04-03,125536.7087,123077.8336
2025-04-04,125536.7087,123077.8336
2025-04-05,125536.7087,123077.8336
2025-04-06,125536.7087,123077.8336
2025-04-07,125536.7087,123077.8336
2025-04-08,125536.7087,123077.8336
2025-04-09,125536.7087,123077.8336
2025-04-10,125536.7087,123077.8336
2025-04-11,125536.7087,123077.8336
2025-04-12,125536.7087,123077.8336
2025-04-13,125536.7087,123077.8336
2025-04-14,125536.7087,123077.8336
2025-04-15,125536.7087,123077.8336
2025-04-16,125536.7087,123077.8336
2025-04-17,125536.7087,123077.8336
2025-04-18,125536.7087,123077.8336
2025-04-19,125536.7087,123077.8336
2025-04-20,125536.7087,123077.8336
2025-04-21,125536.7087,123077.8336
2025-04-22,125536.7087,123077.8336
2025-04-23,125536.7087,123077.8336
2025-04-24,125536.7087,123077.8336
2025-04-25,125536.7087,123077.8336
2025-04-26,125536.7087,123077.8336
2025-04-27,125536.7087,123077.8336
2025-04-28,125536.7087,123077.8336
2025-04-29,125536.7087,123077.8336
2025-04-30,125536.7087,123077.8336
2025-05-01,125536.7087,123077.8336
2025-05-02,125536.7087,123077.8336
2025-05-03,125536.7087,123077.8336
2025-05-04,125536.7087,123077.8336
2025-05-05,125536.7087,123077.8336
2025-05-06,125536.7087,123077.8336
2025-05-07,125536.7087,123077.8336
2025-05-08,125536.7087,123077.8336
2025-05-09,125536.7087,123077.8336
2025-05-10,125536.7087,123077.8336
2025-05-11,125536.7087,123077.8336
2025-05-12,124551.2953,121930.2743
2025-05-13,125340.1161,122701.3279
2025-05-14,124981.9491,122351.2282
2025-05-15,125135.7523,122501.5672
2025-05-16,124955.5509,122325.4246
2025-05-17,124752.8461,122127.2854
2025-05-18,126752.9131,124082.3035
2025-05-19,126223.6747,123564.9855
2025-05-20,126990.7675,124314.8005
2025-05-21,128670.1071,125956.3151
2025-05-22,129903.5983,127162.0234
2025-05-23,127272.2462,124589.9392
2025-05-24,127538.8789,124850.5664
2025-05-25,128285.5540,125580.4235
2025-05-26,128544.3670,125833.4071
2025-05-27,128245.8725,125541.6358
2025-05-28,127550.8218,124862.2403
2025-05-29,126233.2976,123574.3916
2025-05-30,125269.0477,122631.8602
2025-05-31,125633.5257,122988.1288
2025-06-01,126265.2615,123605.6356
2025-06-02,126394.5238,123731.9864
2025-06-03,126105.3576,123449.3333
2025-06-04,125696.6241,123049.8061
2025-06-05,123780.3618,121176.7051
2025-06-06,125451.1424,122809.8535
2025-06-07,126210.6980,123552.3011
2025-06-08,126319.9993,123659.1405
2025-06-09,129042.1764,126320.0040
2025-06-10,129049.0104,126326.6840
2025-06-11,128069.7342,125369.4648
2025-06-12,126282.5718,123622.5560
2025-06-13,126519.9033,123854.5419
2025-06-14,126128.0473,123471.5120
2025-06-15,126235.8580,123576.8944
2025-06-16,126957.4331,124282.2169
2025-06-17,125609.0569,122964.2111
2025-06-18,125810.7760,123161.3868
2025-06-19,125673.6219,123027.3219
2025-06-20,124855.8304,122227.9501
2025-06-21,124147.8030,121535.8702
2025-06-22,123452.9026,120856.6215
2025-06-23,126079.5364,123424.0937
2025-06-24,126529.7665,123864.1830
2025-06-25,127285.6377,124603.0291
2025-06-26,127049.1116,124371.8305
2025-06-27,127109.5354,124430.8933
2025-06-28,127259.3176,124577.3018
2025-06-29,127896.5170,125200.1491
2025-06-30,127168.9855,124489.0043
2025-07-01,126288.2277,123628.0845
2025-07-02,128192.6373,125489.5997
2025-07-03,128634.5188,125921.5284
2025-07-04,127672.5109,124981.1884
2025-07-05,127801.0639,125106.8460
2025-07-06,128405.5540,125697.7207
2025-07-07,127514.4643,124639.7704
2025-07-08,129331.4169,126413.0789
2025-07-09,133153.8410,130143.6865
2025-07-10,137699.9580,134580.6036
2025-07-11,137872.5387,134749.0388
2025-07-12,137500.4817,134385.9188
2025-07-13,138216.4547,135084.6938
2025-07-14,139252.1874,136095.5477
2025-07-15,142346.9339,139115.9569
2025-07-16,148160.8835,144790.2526
2025-07-17,150788.6910,147354.9389
2025-07-18,152533.1747,149057.5193
2025-07-19,153656.0694,150153.4415
2025-07-20,157757.1626,154156.0244
2025-07-21,157897.6178,154293.1058
2025-07-22,157496.1749,153901.3058
2025-07-23,154559.5650,151035.2347
2025-07-24,156518.2180,152946.8399
2025-07-25,156966.9774,153384.8199
2025-07-26,157368.9184,153777.1061
2025-07-27,160631.2649,156961.0894
2025-07-28,158810.8258,155184.3781
2025-07-29,158681.0790,155057.7479
2025-07-30,159084.7632,155451.7355
2025-07-31,156305.2939,152739.0303
2025-08-01,151070.8466,147630.3170
2025-08-02,148723.4514,145339.3074
2025-08-03,151283.5218,147837.8836
2025-08-04,156868.1109,153288.3282
2025-08-05,154153.8885,150639.3028
2025-08-06,155929.7505,152372.5077
2025-08-07,161582.8241,157889.7917
2025-08-08,164052.9931,160300.6260
2025-08-09,170306.7368,166404.1518
2025-08-10,170056.4576,166159.8844
2025-08-11,169375.3494,165495.1368
2025-08-12,178522.3710,174422.4425
2025-08-13,182476.5341,178281.6247
2025-08-14,177434.5901,173360.7907
2025-08-15,174760.7113,170751.1397
2025-08-16,174325.3997,170326.2845
2025-08-17,175579.0372,171549.8091
2025-08-18,171610.9283,167677.0160
2025-08-19,165698.8593,161906.9577
2025-08-20,172187.9402,168240.1678
2025-08-21,169427.1484,165545.6916
2025-08-22,184537.7891,180293.3674
2025-08-23,183201.2232,178988.9065
2025-08-24,183244.8042,179031.4406
2025-08-25,173184.5746,169212.8626
2025-08-26,178774.1444,174668.1682
2025-08-27,176435.2164,172385.4224
2025-08-28,176547.2817,172494.7958
2025-08-29,172786.1201,168823.9791
2025-08-30,173122.8141,169152.5856
2025-08-31,173574.3129,169593.2392
2025-09-01,171648.5324,167713.7168
2025-09-02,171947.3733,168005.3794
2025-09-03,175034.3997,171018.2540
2025-09-04,171226.4196,167301.7434
2025-09-05,171472.9634,167542.3651
2025-09-06,170618.5275,166708.4531
2025-09-07,171441.5851,167511.7405
2025-09-08,171446.0677,167516.1154
2025-09-09,171538.7084,167606.5308
2025-09-10,172515.6691,168560.0245
2025-09-11,175242.5922,171221.4456
2025-09-12,181551.6215,177378.9290
2025-09-13,180415.2790,176269.8820
2025-09-14,178870.2716,174761.9864
2025-09-15,176859.3214,172799.3402
2025-09-16,176300.2399,172253.6881
2025-09-17,178522.6200,174422.6856
2025-09-18,178451.1472,174352.9296
2025-09-19,175485.8985,171458.9076
2025-09-20,175780.5058,171746.4383
2025-09-21,174897.6800,170884.8184
2025-09-22,168774.1811,164908.4088
2025-09-23,167907.0444,164062.1012
2025-09-24,167621.9004,163783.8065
2025-09-25,160687.5466,157016.0192
2025-09-26,164619.2966,160853.3266
2025-09-27,164274.1353,160516.4563
2025-09-28,167356.6791,163524.9560
2025-09-29,169172.3866,165297.0492
2025-09-30,167431.1403,163597.6286
2025-10-01,172483.5437,168528.6707
2025-10-02,175878.3762,171841.9578
2025-10-03,176588.6214,172535.1425
2025-10-04,175948.1057,171910.0124
2025-10-05,176624.7313,172570.3851
2025-10-06,180850.5906,176694.7371
2025-10-07,174965.6663,170951.1716
2025-10-08,176908.6302,172847.4645
2025-10-09,172983.1060,169016.2334
2025-10-10,159575.8584,155931.0343
2025-10-11,157510.6188,153915.4028
2025-10-12,167608.9506,163771.1678
2025-10-13,169814.3964,165923.6377
2025-10-14,166929.8347,163108.3646
2025-10-15,163458.0507,159719.9744
2025-10-16,161189.3502,157505.7693
2025-10-17,159621.9297,155975.9990
2025-10-18,161057.3622,157376.9516
2025-10-19,163382.5933,159646.3296
2025-10-20,163298.9179,159564.6641
2025-10-21,160654.9231,156984.1793
2025-10-22,158973.4450,155343.0912
2025-10-23,160250.2427,156589.2196
2025-10-24,162194.7008,158486.9708
2025-10-25,162666.3713,158947.3116
2025-10-26,167762.6047,163921.1310
2025-10-27,166808.5551,162989.9982
2025-10-28,163298.4198,159564.1780
2025-10-29,161400.5311,157711.8775
2025-10-30,158962.4875,155332.3969
2025-10-31,160030.8437,156375.0906
2025-11-01,160672.8535,157001.6791
2025-11-02,161489.9344,157799.1332
2025-11-03,153950.4277,150440.7291
2025-11-04,146061.5262,142741.3229
2025-11-05,149479.2699,146076.9707
2025-11-06,146761.0629,143424.0564
2025-11-07,149772.1339,146362.8000
2025-11-08,148911.9702,145523.2979
2025-11-09,153443.1453,149945.6319
2025-11-10,153443.1453,149945.6319
2025-11-11,153443.1453,149945.6319
2025-11-12,153443.1453,149945.6319
2025-11-13,153443.1453,149945.6319
2025-11-14,153443.1453,149945.6319
2025-11-15,153443.1453,149945.6319
2025-11-16,153443.1453,149945.6319
2025-11-17,153443.1453,149945.6319
2025-11-18,153443.1453,149945.6319
2025-11-19,153443.1453,149945.6319
2025-11-20,153443.1453,149945.6319
2025-11-21,153443.1453,149945.6319
2025-11-22,153443.1453,149945.6319
2025-11-23,153443.1453,149945.6319
2025-11-24,153443.1453,149945.6319
2025-11-25,153443.1453,149945.6319
2025-11-26,153443.1453,149945.6319
2025-11-27,153443.1453,149945.6319
2025-11-28,153443.1453,149945.6319
2025-11-29,153443.1453,149945.6319
2025-11-30,153443.1453,149945.6319
2025-12-01,153443.1453,149945.6319
2025-12-02,153443.1453,149945.6319
2025-12-03,153443.1453,149945.6319
2025-12-04,153443.1453,149945.6319
2025-12-05,153443.1453,149945.6319
2025-12-06,153443.1453,149945.6319
2025-12-07,153443.1453,149945.6319
2025-12-08,153443.1453,149945.6319
2025-12-09,153443.1453,149945.6319
2025-12-10,153443.1453,149945.6319
2025-12-11,153443.1453,149945.6319
2025-12-12,153443.1453,149945.6319
2025-12-13,153443.1453,149945.6319
2025-12-14,153443.1453,149945.6319
2025-12-15,153443.1453,149945.6319
2025-12-16,153443.1453,149945.6319
2025-12-17,153443.1453,149945.6319
2025-12-18,153443.1453,149945.6319
2025-12-19,153443.1453,149945.6319
2025-12-20,153443.1453,149945.6319
2025-12-21,153443.1453,149945.6319
2025-12-22,153443.1453,149945.6319
2025-12-23,153443.1453,149945.6319
2025-12-24,153443.1453,149945.6319
2025-12-25,153443.1453,149945.6319
2025-12-26,153443.1453,149945.6319
2025-12-27,153443.1453,149945.6319
2025-12-28,153443.1453,149945.6319
2025-12-29,153443.1453,149945.6319
2025-12-30,153443.1453,149945.6319
2025-12-31,153443.1453,149945.6319
2026-01-01,153443.1453,149945.6319
2026-01-02,153443.1453,149945.6319
2026-01-03,153443.1453,149945.6319
2026-01-04,153443.1453,149945.6319
2026-01-05,153443.1453,149945.6319
2026-01-06,153443.1453,149945.6319
2026-01-07,153443.1453,149945.6319
2026-01-08,153443.1453,149945.6319
2026-01-09,153443.1453,149945.6319
2026-01-10,153443.1453,149945.6319
2026-01-11,153443.1453,149945.6319
2026-01-12,153443.1453,149945.6319
2026-01-13,153443.1453,149945.6319
2026-01-14,153443.1453,149945.6319
2026-01-15,153443.1453,149945.6319
2026-01-16,153443.1453,149945.6319
2026-01-17,153443.1453,149945.6319
2026-01-18,153443.1453,149945.6319
2026-01-19,153443.1453,149945.6319
2026-01-20,153443.1453,149945.6319
2026-01-21,153443.1453,149945.6319
2026-01-22,153443.1453,149945.6319
2026-01-23,153443.1453,149945.6319
2026-01-24,153443.1453,149945.6319
2026-01-25,153443.1453,149945.6319
2026-01-26,153443.1453,149945.6319
2026-01-27,153443.1453,149945.6319
2026-01-28,153443.1453,149945.6319
2026-01-29,153443.1453,149945.6319
2026-01-30,153443.1453,149945.6319
2026-01-31,153443.1453,149945.6319
2026-02-01,153443.1453,149945.6319
2026-02-02,153443.1453,149945.6319
2026-02-03,153443.1453,149945.6319
2026-02-04,153443.1453,149945.6319
2026-02-05,153443.1453,149945.6319
2026-02-06,153443.1453,149945.6319
2026-02-07,153443.1453,149945.6319
2026-02-08,153443.1453,149945.6319
2026-02-09,153443.1453,149945.6319
2026-02-10,153443.1453,149945.6319
2026-02-11,153443.1453,149945.6319
2026-02-12,153443.1453,149945.6319
2026-02-13,153443.1453,149945.6319
2026-02-14,153443.1453,149945.6319
2026-02-15,153443.1453,149945.6319
2026-02-16,153443.1453,149945.6319
2026-02-17,153443.1453,149945.6319
2026-02-18,153443.1453,149945.6319
2026-02-19,153443.1453,149945.6319
2026-02-20,153443.1453,149945.6319
2026-02-21,153443.1453,149945.6319
2026-02-22,153443.1453,149945.6319
2026-02-23,153443.1453,149945.6319
2026-02-24,153443.1453,149945.6319
2026-02-25,153443.1453,149945.6319
2026-02-26,153443.1453,149945.6319
2026-02-27,153443.1453,149945.6319
2026-02-28,153443.1453,149945.6319
2026-03-01,153443.1453,149945.6319
2026-03-02,153443.1453,149945.6319
2026-03-03,153443.1453,149945.6319
2026-03-04,153443.1453,149945.6319
2026-03-05,153443.1453,149945.6319
2026-03-06,153443.1453,149945.6319
2026-03-07,153443.1453,149945.6319
2026-03-08,153443.1453,149945.6319
2026-03-09,153443.1453,149945.6319
2026-03-10,153443.1453,149945.6319
2026-03-11,153443.1453,149945.6319
2026-03-12,153443.1453,149945.6319
2026-03-13,153443.1453,149945.6319
2026-03-14,153443.1453,149945.6319
2026-03-15,153443.1453,149945.6319
2026-03-16,153443.1453,149945.6319
2026-03-17,153443.1453,149945.6319
2026-03-18,153443.1453,149945.6319
2026-03-19,153443.1453,149945.6319
2026-03-20,153443.1453,149945.6319
2026-03-21,153443.1453,149945.6319
2026-03-22,153443.1453,149945.6319
2026-03-23,153443.1453,149945.6319
2026-03-24,153443.1453,149945.6319
2026-03-25,153443.1453,149945.6319
2026-03-26,153443.1453,149945.6319
2026-03-27,153443.1453,149945.6319
2026-03-28,153443.1453,149945.6319
2026-03-29,153443.1453,149945.6319
2026-03-30,153443.1453,149945.6319
2026-03-31,153443.1453,149945.6319
2026-04-01,153443.1453,149945.6319
2026-04-02,153443.1453,149945.6319
2026-04-03,153443.1453,149945.6319
2026-04-04,153443.1453,149945.6319
2026-04-05,153443.1453,149945.6319
2026-04-06,153443.1453,149945.6319
2026-04-07,153443.1453,149945.6319
2026-04-08,153443.1453,149945.6319
2026-04-09,153443.1453,149945.6319
2026-04-10,153443.1453,149945.6319
2026-04-11,153443.1453,149945.6319
2026-04-12,153443.1453,149945.6319
2026-04-13,153443.1453,149945.6319
2026-04-14,153443.1453,149945.6319
2026-04-15,153443.1453,149945.6319
2026-04-16,153443.1453,149945.6319
2026-04-17,153443.1453,149945.6319
2026-04-18,153443.1453,149945.6319
2026-04-19,153443.1453,149945.6319
2026-04-20,153443.1453,149945.6319
2026-04-21,153443.1453,149945.6319
2026-04-22,153443.1453,149945.6319
2026-04-23,153443.1453,149945.6319
2026-04-24,153443.1453,149945.6319
2026-04-25,153443.1453,149945.6319
2026-04-26,153443.1453,149945.6319
2026-04-27,153443.1453,149945.6319
2026-04-28,153443.1453,149945.6319
2026-04-29,153443.1453,149945.6319
2026-04-30,153443.1453,149945.6319
2026-05-01,153443.1453,149945.6319
2026-05-02,153443.1453,149945.6319
2026-05-03,153443.1453,149945.6319
2026-05-04,153443.1453,149945.6319
2026-05-05,153443.1453,149945.6319
2026-05-06,153443.1453,149945.6319
2026-05-07,153443.1453,149945.6319
2026-05-08,153443.1453,149945.6319
2026-05-09,153443.1453,149945.6319
2026-05-10,153443.1453,149945.6319
2026-05-11,153443.1453,149945.6319
2026-05-12,153443.1453,149945.6319
2026-05-13,153443.1453,149945.6319
2026-05-14,153443.1453,149945.6319
2026-05-15,153443.1453,149945.6319
2026-05-16,153443.1453,149945.6319
2026-05-17,153443.1453,149945.6319
2026-05-18,153443.1453,149945.6319
2026-05-19,153443.1453,149945.6319
2026-05-20,153443.1453,149945.6319
2026-05-21,153443.1453,149945.6319
2026-05-22,153443.1453,149945.6319
2026-05-23,153443.1453,149945.6319
2026-05-24,153443.1453,149945.6319
2026-05-25,153443.1453,149945.6319
2026-05-26,153443.1453,149945.6319
2026-05-27,153443.1453,149945.6319
2026-05-28,153443.1453,149945.6319
2026-05-29,153443.1453,149945.6319
2026-05-30,153443.1453,149945.6319
2026-05-31,153443.1453,149945.6319
2026-06-01,153443.1453,149945.6319
2026-06-02,153443.1453,149945.6319
2026-06-03,153443.1453,149945.6319
2026-06-04,153443.1453,149945.6319
2026-06-05,153443.1453,149945.6319
2026-06-06,153443.1453,149945.6319
2026-06-07,153443.1453,149945.6319
2026-06-08,153443.1453,149945.6319
2026-06-09,153443.1453,149945.6319
2026-06-10,153443.1453,149945.6319
2026-06-11,153443.1453,149945.6319
2026-06-12,153443.1453,149945.6319
2026-06-13,153443.1453,149945.6319
2026-06-14,153443.1453,149945.6319
2026-06-15,153443.1453,149945.6319
2026-06-16,153443.1453,149945.6319
2026-06-17,153443.1453,149945.6319
2026-06-18,153443.1453,149945.6319
2026-06-19,153443.1453,149945.6319
2026-06-20,153443.1453,149945.6319
2026-06-21,153443.1453,149945.6319
2026-06-22,153443.1453,149945.6319
2026-06-23,153443.1453,149945.6319
2026-06-24,153443.1453,149945.6319
2026-06-25,153443.1453,149945.6319
2026-06-26,153443.1453,149945.6319
2026-06-27,153443.1453,149945.6319
2026-06-28,153443.1453,149945.6319
2026-06-29,153443.1453,149945.6319
2026-06-30,153443.1453,149945.6319
2026-07-01,153443.1453,149945.6319
2026-07-02,153443.1453,149945.6319
2026-07-03,153443.1453,149945.6319
2026-07-04,153443.1453,149945.6319
2026-07-05,153443.1453,149945.6319
2026-07-06,153443.1453,149945.6319
2026-07-07,153443.1453,149945.6319
2026-07-08,153443.1453,149945.6319
2026-07-09,153443.1453,149945.6319
